[
  {
    "file": "/Users/oliver/ClionProjects/testing/src/cli/tests/cli_arguments_version.c",
    "command": "/usr/local/opt/llvm/bin/clang -DGFLAGS_IS_A_DLL=0 -DGLOG_CUSTOM_PREFIX_SUPPORT -I/Users/oliver/ClionProjects/testing/src/testing/.. -I/Users/oliver/ClionProjects/testing/src/logging/.. -I/Users/oliver/ClionProjects/testing/src/version/.. -isystem /Library/Frameworks/Python.framework/Versions/3.11/include/python3.11 -isystem /usr/local/include -isystem /usr/local/Cellar/glib/2.78.4/include/glib-2.0 -isystem /usr/local/Cellar/glib/2.78.4/lib/glib-2.0/include -isystem /usr/local/opt/gettext/include -isystem /usr/local/Cellar/pcre2/10.42/include  -Wall -Wextra -Werror -Wattributes -Wunused-result -Wpedantic -pedantic -Wreserved-identifier -Wno-int-conversion -Wno-missing-field-initializers -Wno-unused-parameter -Wno-unused-variable -Wno-unused-function -Wno-incompatible-pointer-types -std=c2x -g -std=c2x -mmacosx-version-min=12.7 -fcolor-diagnostics -Wno-constant-logical-operand -o CMakeFiles/cli_arguments_version.dir/cli_arguments_version.c.o -c /Users/oliver/ClionProjects/testing/src/cli/tests/cli_arguments_version.c",
    "directory": "/Users/oliver/ClionProjects/testing/cmake-build-debug/src/cli/tests"
  },
  {
    "file": "/Users/oliver/ClionProjects/testing/src/cli/tests/cli_arguments_version.c",
    "command": "/usr/local/opt/llvm/bin/clang -DGFLAGS_IS_A_DLL=0 -DGLOG_CUSTOM_PREFIX_SUPPORT -I/Users/oliver/ClionProjects/testing/src/testing/.. -I/Users/oliver/ClionProjects/testing/src/logging/.. -I/Users/oliver/ClionProjects/testing/src/version/.. -isystem /Library/Frameworks/Python.framework/Versions/3.11/include/python3.11 -isystem /usr/local/include -isystem /usr/local/Cellar/glib/2.78.4/include/glib-2.0 -isystem /usr/local/Cellar/glib/2.78.4/lib/glib-2.0/include -isystem /usr/local/opt/gettext/include -isystem /usr/local/Cellar/pcre2/10.42/include  -Wall -Wextra -Werror -Wattributes -Wunused-result -Wpedantic -pedantic -Wreserved-identifier -Wno-int-conversion -Wno-missing-field-initializers -Wno-unused-parameter -Wno-unused-variable -Wno-unused-function -Wno-incompatible-pointer-types -std=c2x -g -std=c2x -mmacosx-version-min=12.7 -fcolor-diagnostics -Wno-constant-logical-operand -o CMakeFiles/cli_arguments_version.dir/cli_arguments_version.c.o -c /Users/oliver/ClionProjects/testing/src/cli/tests/cli_arguments_version.c",
    "directory": "/Users/oliver/ClionProjects/testing/cmake-build-debug/src/cli/tests"
  }
]