{"[\"/usr/local/opt/llvm/bin/clang\", \"c\", [\"-std=c2x\", \"-std=c2x\"]]": {"compiler_includes": ["/usr/local/include", ".", "/usr/local/Cellar/llvm/17.0.6/lib/clang/17/include", "/Library/Developer/CommandLineTools/SDKs/MacOSX12.sdk/usr/include", "/Library/Developer/CommandLineTools/SDKs/MacOSX12.sdk/System/Library/Frameworks"], "compiler_standard": "-std=gnu17", "target": "x86_64-apple-darwin21.6.0"}, "[\"/usr/local/opt/llvm/bin/clang++\", \"c++\", [\"-std=c++23\"]]": {"compiler_includes": ["/usr/local/include", ".", "/usr/local/opt/llvm/include/c++/v1", "/usr/local/Cellar/llvm/17.0.6/lib/clang/17/include", "/Library/Developer/CommandLineTools/SDKs/MacOSX12.sdk/usr/include", "/Library/Developer/CommandLineTools/SDKs/MacOSX12.sdk/System/Library/Frameworks"], "compiler_standard": "-std=gnu++17", "target": "x86_64-apple-darwin21.6.0"}}