[
  {
    "file": "/Users/oliver/ClionProjects/testing/src/hello_world/hello_world_example.cpp",
    "command": "/usr/local/opt/llvm/bin/clang++  -I/Users/oliver/ClionProjects/testing/src/hello_world/.. -isystem /Library/Frameworks/Python.framework/Versions/3.11/include/python3.11 -isystem /usr/local/include  -g -O0 -Wall -Wextra -Werror -Wattributes -Wunused-result -Wpedantic -pedantic -Wreserved-identifier  -Wno-missing-field-initializers -Wno-unused-parameter -Wno-unused-variable -Wno-unused-function  -g -std=c++23 -mmacosx-version-min=12.7 -fcolor-diagnostics -o CMakeFiles/hello_world_example_cpp.dir/hello_world_example.cpp.o -c /Users/oliver/ClionProjects/testing/src/hello_world/hello_world_example.cpp",
    "directory": "/Users/oliver/ClionProjects/testing/cmake-build-debug/src/hello_world"
  },
  {
    "file": "/Users/oliver/ClionProjects/testing/src/hello_world/hello_world_example.cpp",
    "command": "/usr/local/opt/llvm/bin/clang++  -I/Users/oliver/ClionProjects/testing/src/hello_world/.. -isystem /Library/Frameworks/Python.framework/Versions/3.11/include/python3.11 -isystem /usr/local/include  -g -O0 -Wall -Wextra -Werror -Wattributes -Wunused-result -Wpedantic -pedantic -Wreserved-identifier  -Wno-missing-field-initializers -Wno-unused-parameter -Wno-unused-variable -Wno-unused-function  -g -std=c++23 -mmacosx-version-min=12.7 -fcolor-diagnostics -o CMakeFiles/hello_world_example_cpp.dir/hello_world_example.cpp.o -c /Users/oliver/ClionProjects/testing/src/hello_world/hello_world_example.cpp",
    "directory": "/Users/oliver/ClionProjects/testing/cmake-build-debug/src/hello_world"
  }
]