[
  {
    "file": "/Users/oliver/ClionProjects/testing/src/binding/examples/examples_bindings.c",
    "command": "/usr/local/opt/llvm/bin/clang -Dexamples_bindings_EXPORTS -I/Users/oliver/ClionProjects/testing/src/binding/examples/.. -I/Users/oliver/ClionProjects/testing/src/error_codes/.. -I/Users/oliver/ClionProjects/testing/src/binding/.. -isystem /Library/Frameworks/Python.framework/Versions/3.11/include/python3.11 -isystem /usr/local/include  -Wall -Wextra -Werror -Wattributes -Wunused-result -Wpedantic -pedantic -Wreserved-identifier -Wno-int-conversion -Wno-missing-field-initializers -Wno-unused-parameter -Wno-unused-variable -Wno-unused-function -Wno-incompatible-pointer-types -std=c2x -g -std=c2x -mmacosx-version-min=12.7 -fPIC -fcolor-diagnostics -o CMakeFiles/examples_bindings.dir/examples_bindings.c.o -c /Users/oliver/ClionProjects/testing/src/binding/examples/examples_bindings.c",
    "directory": "/Users/oliver/ClionProjects/testing/cmake-build-debug/src/binding/examples"
  },
  {
    "file": "/Users/oliver/ClionProjects/testing/src/binding/examples/examples_bindings.c",
    "command": "/usr/local/opt/llvm/bin/clang -Dexamples_bindings_EXPORTS -I/Users/oliver/ClionProjects/testing/src/binding/examples/.. -I/Users/oliver/ClionProjects/testing/src/error_codes/.. -I/Users/oliver/ClionProjects/testing/src/binding/.. -isystem /Library/Frameworks/Python.framework/Versions/3.11/include/python3.11 -isystem /usr/local/include  -Wall -Wextra -Werror -Wattributes -Wunused-result -Wpedantic -pedantic -Wreserved-identifier -Wno-int-conversion -Wno-missing-field-initializers -Wno-unused-parameter -Wno-unused-variable -Wno-unused-function -Wno-incompatible-pointer-types -std=c2x -g -std=c2x -mmacosx-version-min=12.7 -fPIC -fcolor-diagnostics -o CMakeFiles/examples_bindings.dir/examples_bindings.c.o -c /Users/oliver/ClionProjects/testing/src/binding/examples/examples_bindings.c",
    "directory": "/Users/oliver/ClionProjects/testing/cmake-build-debug/src/binding/examples"
  }
]