[
  {
    "file": "/Users/oliver/ClionProjects/testing/src/error_codes/error_codes.c",
    "command": "/usr/local/opt/llvm/bin/clang  -isystem /Library/Frameworks/Python.framework/Versions/3.11/include/python3.11 -isystem /usr/local/include  -Wall -Wextra -Werror -Wattributes -Wunused-result -Wpedantic -pedantic -Wreserved-identifier -Wno-int-conversion -Wno-missing-field-initializers -Wno-unused-parameter -Wno-unused-variable -Wno-unused-function -Wno-incompatible-pointer-types -std=c2x -g -std=c2x -mmacosx-version-min=12.7 -fcolor-diagnostics -o CMakeFiles/error_codes.dir/error_codes.c.o -c /Users/oliver/ClionProjects/testing/src/error_codes/error_codes.c",
    "directory": "/Users/oliver/ClionProjects/testing/cmake-build-debug/src/error_codes"
  },
  {
    "file": "/Users/oliver/ClionProjects/testing/src/error_codes/error_codes.c",
    "command": "/usr/local/opt/llvm/bin/clang  -isystem /Library/Frameworks/Python.framework/Versions/3.11/include/python3.11 -isystem /usr/local/include  -Wall -Wextra -Werror -Wattributes -Wunused-result -Wpedantic -pedantic -Wreserved-identifier -Wno-int-conversion -Wno-missing-field-initializers -Wno-unused-parameter -Wno-unused-variable -Wno-unused-function -Wno-incompatible-pointer-types -std=c2x -g -std=c2x -mmacosx-version-min=12.7 -fcolor-diagnostics -o CMakeFiles/error_codes.dir/error_codes.c.o -c /Users/oliver/ClionProjects/testing/src/error_codes/error_codes.c",
    "directory": "/Users/oliver/ClionProjects/testing/cmake-build-debug/src/error_codes"
  }
]